"URI de la canción","Nombre de la canción","URI(s) del artista","Nombre(s) del artista","URI del álbum","Nombre del álbum","URI(s) del artista del álbum","Nombre(s) del artista del álbum","Fecha de lanzamiento del álbum","URL de la imagen del álbum","Número de disco","Número de la canción","Duración de la canción (ms)","URL de vista previa de la canción","Explícito","Popularidad","ISRC","Añadido por","Añadido en"
"spotify:track:0UJuCMaUwkG0kDAV27vWR2","Andante, Andante","spotify:artist:0LcJLqbBmaGUft1e9Mm8HV","ABBA","spotify:album:1nVUhbpkGwlTKxSIF6UJyM","Super Trouper","spotify:artist:0LcJLqbBmaGUft1e9Mm8HV","ABBA","1980","https://i.scdn.co/image/ab67616d0000b273226c848268e693f3812e7e69","1","4","278880","https://p.scdn.co/mp3-preview/3151a540add68197453d82486b7303941db7e124?cid=9950ac751e34487dbbe027c4fd7f8e99","false","0","SEAYD8001040","spotify:user:mcastet","2017-06-16T20:18:19Z"
"spotify:track:4ezQNclWJhzDmqYlv9qNIj","Angel Eyes","spotify:artist:0LcJLqbBmaGUft1e9Mm8HV","ABBA","spotify:album:366R23DbfxqjZo6AUBrQjv","Voulez-Vous","spotify:artist:0LcJLqbBmaGUft1e9Mm8HV","ABBA","1979","https://i.scdn.co/image/ab67616d0000b2731da6e1da33a17f14599641d5","1","4","261773","https://p.scdn.co/mp3-preview/df743482a82573f3c13c632f30e04373dab7df8e?cid=9950ac751e34487dbbe027c4fd7f8e99","false","0","SEAYD7901040","spotify:user:mcastet","2017-06-16T20:18:52Z"
"spotify:track:0yUuFRkVsQ9PnTp2Ni5xVL","Another Town, Another Train","spotify:artist:0LcJLqbBmaGUft1e9Mm8HV","ABBA","spotify:album:1IfqW9mCyH8l8uh8dz5R5v","Ring Ring","spotify:artist:0LcJLqbBmaGUft1e9Mm8HV","ABBA","1973","https://i.scdn.co/image/ab67616d0000b273cb4998105cfac34be700fdf9","1","2","192093","https://p.scdn.co/mp3-preview/be07a21986d73b25ded5828a6ed7f1904c3c2484?cid=9950ac751e34487dbbe027c4fd7f8e99","false","0","SEAYD7301020","spotify:user:mcastet","2017-06-16T20:19:11Z"
"spotify:track:30a68RyhjUjCxLf6JehuYR","Arrival","spotify:artist:0LcJLqbBmaGUft1e9Mm8HV","ABBA","spotify:album:79ZX48114T8NH36MnOTtl7","Arrival","spotify:artist:0LcJLqbBmaGUft1e9Mm8HV","ABBA","1976-10-11","https://i.scdn.co/image/ab67616d0000b2739aa209383c254c9e23e7f909","1","10","180426","https://p.scdn.co/mp3-preview/6b26f86992d0ac755674cf2922064d7576cf7d8b?cid=9950ac751e34487dbbe027c4fd7f8e99","false","0","SEAYD7601100","spotify:user:mcastet","2017-06-16T20:19:40Z"
"spotify:track:1K6YVvlrHhYzhYQMK80cCS","As Good As New","spotify:artist:0LcJLqbBmaGUft1e9Mm8HV","ABBA","spotify:album:366R23DbfxqjZo6AUBrQjv","Voulez-Vous","spotify:artist:0LcJLqbBmaGUft1e9Mm8HV","ABBA","1979","https://i.scdn.co/image/ab67616d0000b2731da6e1da33a17f14599641d5","1","1","206026","https://p.scdn.co/mp3-preview/374024cb762e3abe5f75fcb88510dc63878c6064?cid=9950ac751e34487dbbe027c4fd7f8e99","false","0","SEAYD7901010","spotify:user:mcastet","2017-06-16T20:20:51Z"
"spotify:track:4cUlsJa5fLvsSnByfE2Pcp","Bang-A-Boomerang","spotify:artist:0LcJLqbBmaGUft1e9Mm8HV","ABBA","spotify:album:5zT1JLIj9E57p3e1rFm9Uq","Abba","spotify:artist:0LcJLqbBmaGUft1e9Mm8HV","ABBA","1975","https://i.scdn.co/image/ab67616d0000b27379e86d08eb947241b3a9247c","1","6","185266","https://p.scdn.co/mp3-preview/92ecd88c5b5bf7b287054fa2c6b2ba4eb6b99faa?cid=9950ac751e34487dbbe027c4fd7f8e99","false","0","SEAYD7501060","spotify:user:mcastet","2017-06-16T20:21:14Z"
"spotify:track:4dmSIn2DxtfX1rySnUDamj","Bumblebee","spotify:artist:0LcJLqbBmaGUft1e9Mm8HV","ABBA","spotify:album:0uUtGVj0y9FjfKful7cABY","Voyage","spotify:artist:0LcJLqbBmaGUft1e9Mm8HV","ABBA","2021-11-05","https://i.scdn.co/image/ab67616d0000b273225d9c1b06ca69aec9b08381","1","8","237466","https://p.scdn.co/mp3-preview/e30762659b0d11847267bde80202efc8b09fc5bb?cid=9950ac751e34487dbbe027c4fd7f8e99","false","42","SE6XG2100108","spotify:user:mcastet","2021-11-04T23:03:45Z"
"spotify:track:19Gf68A2MZPr6fYlxLhmU7","Cassandra","spotify:artist:0LcJLqbBmaGUft1e9Mm8HV","ABBA","spotify:album:0lXoZDB0yfxncR0cyrWDmf","The Visitors","spotify:artist:0LcJLqbBmaGUft1e9Mm8HV","ABBA","1981","https://i.scdn.co/image/ab67616d0000b27373ffcfc0a6c49a606af9e1c2","1","12","296704","https://p.scdn.co/mp3-preview/ac4bbfe5e32adabe8e3c6c4c394b77876102848d?cid=9950ac751e34487dbbe027c4fd7f8e99","false","0","SEAYD8208010","spotify:user:mcastet","2017-06-16T20:21:26Z"
"spotify:track:5j7T9ThNlDKXxTMX2pGcns","Chiquitita","spotify:artist:0LcJLqbBmaGUft1e9Mm8HV","ABBA","spotify:album:366R23DbfxqjZo6AUBrQjv","Voulez-Vous","spotify:artist:0LcJLqbBmaGUft1e9Mm8HV","ABBA","1979","https://i.scdn.co/image/ab67616d0000b2731da6e1da33a17f14599641d5","1","8","328000","https://p.scdn.co/mp3-preview/4bcd305c73b4f060989624769b1b3c9cd4223eb6?cid=9950ac751e34487dbbe027c4fd7f8e99","false","0","SEAYD7901080","spotify:user:mcastet","2017-06-16T20:21:46Z"
"spotify:track:7lKI8neNl1qgxgp4s0ctiV","Crazy World","spotify:artist:0LcJLqbBmaGUft1e9Mm8HV","ABBA","spotify:album:5zT1JLIj9E57p3e1rFm9Uq","Abba","spotify:artist:0LcJLqbBmaGUft1e9Mm8HV","ABBA","1975","https://i.scdn.co/image/ab67616d0000b27379e86d08eb947241b3a9247c","1","12","227373","https://p.scdn.co/mp3-preview/2750e33c4b189ee82f4b7a7dfa28da6ed77ae152?cid=9950ac751e34487dbbe027c4fd7f8e99","false","0","SEAYD7601120","spotify:user:mcastet","2017-06-16T20:22:15Z"
"spotify:track:5G8l4JNjNOnji5Ez9bCwMa","Dance (While The Music Still Goes On)","spotify:artist:0LcJLqbBmaGUft1e9Mm8HV","ABBA","spotify:album:6z64yW1QS3cspLZMJjdqjG","Waterloo (Deluxe Edition)","spotify:artist:0LcJLqbBmaGUft1e9Mm8HV","ABBA","1974-03-04","https://i.scdn.co/image/ab67616d0000b27369a4b8cd2c913de57733fad6","1","6","193093","https://p.scdn.co/mp3-preview/c218aae3723ab3b5bfe85c7c0e3f9b9826cda0ea?cid=9950ac751e34487dbbe027c4fd7f8e99","false","0","SEAYD7401060","spotify:user:mcastet","2017-06-16T20:22:30Z"
"spotify:track:01iyCAUm8EvOFqVWYJ3dVX","Dancing Queen","spotify:artist:0LcJLqbBmaGUft1e9Mm8HV","ABBA","spotify:album:79ZX48114T8NH36MnOTtl7","Arrival","spotify:artist:0LcJLqbBmaGUft1e9Mm8HV","ABBA","1976-10-11","https://i.scdn.co/image/ab67616d0000b2739aa209383c254c9e23e7f909","1","2","230400","https://p.scdn.co/mp3-preview/1116076e3d1538852d6605ada1fd7130c8fc75a5?cid=9950ac751e34487dbbe027c4fd7f8e99","false","2","SEAYD7601020","spotify:user:mcastet","2017-06-16T20:22:45Z"
"spotify:track:63QPJDVVmyZnZCeNLOevGc","Disillusion","spotify:artist:0LcJLqbBmaGUft1e9Mm8HV","ABBA","spotify:album:1IfqW9mCyH8l8uh8dz5R5v","Ring Ring","spotify:artist:0LcJLqbBmaGUft1e9Mm8HV","ABBA","1973","https://i.scdn.co/image/ab67616d0000b273cb4998105cfac34be700fdf9","1","3","184280","https://p.scdn.co/mp3-preview/342a5a43ce76fe3d6353c9e9f2d631c324f1abf4?cid=9950ac751e34487dbbe027c4fd7f8e99","false","0","SEAYD7301030","spotify:user:mcastet","2017-06-16T20:22:59Z"
"spotify:track:2VsVI2mOkZ5s0eEA9MQLN4","Does Your Mother Know","spotify:artist:0LcJLqbBmaGUft1e9Mm8HV","ABBA","spotify:album:366R23DbfxqjZo6AUBrQjv","Voulez-Vous","spotify:artist:0LcJLqbBmaGUft1e9Mm8HV","ABBA","1979","https://i.scdn.co/image/ab67616d0000b2731da6e1da33a17f14599641d5","1","6","194720","https://p.scdn.co/mp3-preview/29f2065cc1fae5533c2b0e441d73d3b5af918162?cid=9950ac751e34487dbbe027c4fd7f8e99","false","0","SEAYD7901060","spotify:user:mcastet","2017-06-16T20:23:14Z"
"spotify:track:2AHnmlkyZbnxqSA66B7jK3","Don't Shut Me Down","spotify:artist:0LcJLqbBmaGUft1e9Mm8HV","ABBA","spotify:album:02hUNciNYPRn4Fk5tY4toP","I Still Have Faith In You / Don't Shut Me Down","spotify:artist:0LcJLqbBmaGUft1e9Mm8HV","ABBA","2021-09-02","https://i.scdn.co/image/ab67616d0000b27323533fedac2927315c55d34b","1","2","238800","https://p.scdn.co/mp3-preview/99755b6143a116f56b4769e4c2f0086edbb9cb2f?cid=9950ac751e34487dbbe027c4fd7f8e99","false","57","SE6XG2100104","spotify:user:mcastet","2021-09-03T07:29:48Z"
"spotify:track:4yJKVscBjaenEWE0rMYNX4","Dream World","spotify:artist:0LcJLqbBmaGUft1e9Mm8HV","ABBA","spotify:album:3fG66EBBPGC0yBhpXQs8l8","Thank You For The Music","spotify:artist:0LcJLqbBmaGUft1e9Mm8HV","ABBA","1994-01-01","https://i.scdn.co/image/ab67616d0000b2735f96e866b646da41248009d0","4","2","216200","https://p.scdn.co/mp3-preview/993170456f0a52b4ea8df5f406610b1b76ab35e2?cid=9950ac751e34487dbbe027c4fd7f8e99","false","26","SEAYD9413020","spotify:user:mcastet","2024-01-05T10:57:09Z"
"spotify:track:7Ev6oE1PGImJAQeNkXiNFU","Dum Dum Diddle","spotify:artist:0LcJLqbBmaGUft1e9Mm8HV","ABBA","spotify:album:79ZX48114T8NH36MnOTtl7","Arrival","spotify:artist:0LcJLqbBmaGUft1e9Mm8HV","ABBA","1976-10-11","https://i.scdn.co/image/ab67616d0000b2739aa209383c254c9e23e7f909","1","4","173786","https://p.scdn.co/mp3-preview/77a5cfc927f466b2943ae0355b2e5f62582b657d?cid=9950ac751e34487dbbe027c4fd7f8e99","false","0","SEAYD7601040","spotify:user:mcastet","2017-06-16T20:23:25Z"
"spotify:track:30OAOWY18H9bHl5BC78vTE","Eagle - Short Version","spotify:artist:0LcJLqbBmaGUft1e9Mm8HV","ABBA","spotify:album:00GMnZ71KyvmEnZfqcsFP4","Abba Gold Anniversary Edition","spotify:artist:0LcJLqbBmaGUft1e9Mm8HV","ABBA","2014-01-01","https://i.scdn.co/image/ab67616d0000b2735893ae3de02b83786469af35","2","4","263413","https://p.scdn.co/mp3-preview/e543c9793adb63a822ddcff342ad2d9bfb84605c?cid=9950ac751e34487dbbe027c4fd7f8e99","false","33","SEAYD7702010","spotify:user:mcastet","2017-06-16T20:23:51Z"
"spotify:track:1OvYyu6DkLZ1mlkheGNcdU","Elaine","spotify:artist:0LcJLqbBmaGUft1e9Mm8HV","ABBA","spotify:album:1nVUhbpkGwlTKxSIF6UJyM","Super Trouper","spotify:artist:0LcJLqbBmaGUft1e9Mm8HV","ABBA","1980","https://i.scdn.co/image/ab67616d0000b273226c848268e693f3812e7e69","1","11","227787","https://p.scdn.co/mp3-preview/4f777e036da1d7c1271c39d296d27fc23dcedafa?cid=9950ac751e34487dbbe027c4fd7f8e99","false","0","SEAYD8001110","spotify:user:mcastet","2017-07-02T19:17:52Z"
"spotify:track:6zeWfgymg7GMKRaKbpi0PX","Fernando","spotify:artist:0LcJLqbBmaGUft1e9Mm8HV","ABBA","spotify:album:79ZX48114T8NH36MnOTtl7","Arrival","spotify:artist:0LcJLqbBmaGUft1e9Mm8HV","ABBA","1976-10-11","https://i.scdn.co/image/ab67616d0000b2739aa209383c254c9e23e7f909","1","11","252960","https://p.scdn.co/mp3-preview/403a642e6431f0540aa0afdc28736cda36858a2b?cid=9950ac751e34487dbbe027c4fd7f8e99","false","0","SEAYD7602070","spotify:user:mcastet","2017-06-16T20:24:00Z"
"spotify:track:0mp4YjQgmzO6OLIKPkuX2R","From A Twinkling Star To A Passing Angel - Demo Medley","spotify:artist:0LcJLqbBmaGUft1e9Mm8HV","ABBA","spotify:album:5sz84Oa5PGE0uSMcHTe6TD","The Visitors (Deluxe Edition)","spotify:artist:0LcJLqbBmaGUft1e9Mm8HV","ABBA","1981","https://i.scdn.co/image/ab67616d0000b2735232991c22bfdf5c8ad5d694","1","16","547880","https://p.scdn.co/mp3-preview/bbbf74be85e46418bea4e84ae9bd9135aae9d148?cid=9950ac751e34487dbbe027c4fd7f8e99","false","0","SEUM71200350","spotify:user:mcastet","2017-06-16T20:24:34Z"
"spotify:track:7r5bS08R8d0jZuDZutVeHQ","Gimme! Gimme! Gimme! (A Man After Midnight)","spotify:artist:0LcJLqbBmaGUft1e9Mm8HV","ABBA","spotify:album:366R23DbfxqjZo6AUBrQjv","Voulez-Vous","spotify:artist:0LcJLqbBmaGUft1e9Mm8HV","ABBA","1979","https://i.scdn.co/image/ab67616d0000b2731da6e1da33a17f14599641d5","1","13","294346","https://p.scdn.co/mp3-preview/02603b1ac0f95d780cdda0f09ed9c19cdb53089f?cid=9950ac751e34487dbbe027c4fd7f8e99","false","0","SEAYD7901120","spotify:user:mcastet","2017-06-16T20:25:09Z"
"spotify:track:0yVYDQy7hT1rJd2tNDqUAb","Gonna Sing You My Love Song","spotify:artist:0LcJLqbBmaGUft1e9Mm8HV","ABBA","spotify:album:00GMnZ71KyvmEnZfqcsFP4","Abba Gold Anniversary Edition","spotify:artist:0LcJLqbBmaGUft1e9Mm8HV","ABBA","2014-01-01","https://i.scdn.co/image/ab67616d0000b2735893ae3de02b83786469af35","3","3","217560","https://p.scdn.co/mp3-preview/9049527cc9c3f4761841d070627cde07a97e7e3b?cid=9950ac751e34487dbbe027c4fd7f8e99","false","28","SEAYD7401100","spotify:user:mcastet","2017-06-16T20:25:24Z"
"spotify:track:3yBOe8roOX1Y1ZI8v0Gt4P","Happy Hawaii","spotify:artist:0LcJLqbBmaGUft1e9Mm8HV","ABBA","spotify:album:00GMnZ71KyvmEnZfqcsFP4","Abba Gold Anniversary Edition","spotify:artist:0LcJLqbBmaGUft1e9Mm8HV","ABBA","2014-01-01","https://i.scdn.co/image/ab67616d0000b2735893ae3de02b83786469af35","3","11","263946","https://p.scdn.co/mp3-preview/89404c5461e759fbe095f6ee7cf23bc6e0beb153?cid=9950ac751e34487dbbe027c4fd7f8e99","false","28","SEAYD7704010","spotify:user:mcastet","2017-07-02T19:18:33Z"
"spotify:track:4oUfwAQJZGPufJHHzUNByB","Happy New Year","spotify:artist:0LcJLqbBmaGUft1e9Mm8HV","ABBA","spotify:album:1nVUhbpkGwlTKxSIF6UJyM","Super Trouper","spotify:artist:0LcJLqbBmaGUft1e9Mm8HV","ABBA","1980","https://i.scdn.co/image/ab67616d0000b273226c848268e693f3812e7e69","1","6","263800","https://p.scdn.co/mp3-preview/b549f99e204d6226981bf55ea851d3db53a22c77?cid=9950ac751e34487dbbe027c4fd7f8e99","false","0","SEAYD8001060","spotify:user:mcastet","2017-06-16T20:25:42Z"
"spotify:track:7ywGwZO5kuJQaNRlnn8i7y","Hasta Manana","spotify:artist:0LcJLqbBmaGUft1e9Mm8HV","ABBA","spotify:album:5JGTMU2ovYCxC6nfJbft8W","Waterloo","spotify:artist:0LcJLqbBmaGUft1e9Mm8HV","ABBA","1974","https://i.scdn.co/image/ab67616d0000b2738043272f715511e3dd42efdd","1","4","191853","https://p.scdn.co/mp3-preview/763adf0e42e7e848b6f67ce8111b37a79f9cee4d?cid=9950ac751e34487dbbe027c4fd7f8e99","false","0","SEAYD7423160","spotify:user:mcastet","2017-06-16T20:25:59Z"
"spotify:track:0FV07HnPvalG08zR16cHj7","He Is Your Brother","spotify:artist:0LcJLqbBmaGUft1e9Mm8HV","ABBA","spotify:album:3QUUDduYhYg1eOicdQ53wh","The Essential Collection","spotify:artist:0LcJLqbBmaGUft1e9Mm8HV","ABBA","2012-01-01","https://i.scdn.co/image/ab67616d0000b273ded1be35efdfd55bf35df1fa","1","2","198920","https://p.scdn.co/mp3-preview/729406bd48f4469c980992d672d469f4cd7b4a34?cid=9950ac751e34487dbbe027c4fd7f8e99","false","0","SEAYD7301090","spotify:user:mcastet","2017-06-16T20:27:32Z"
"spotify:track:4pUGIy32b8UIlowpR1XfPd","Head Over Heels","spotify:artist:0LcJLqbBmaGUft1e9Mm8HV","ABBA","spotify:album:0lXoZDB0yfxncR0cyrWDmf","The Visitors","spotify:artist:0LcJLqbBmaGUft1e9Mm8HV","ABBA","1981","https://i.scdn.co/image/ab67616d0000b27373ffcfc0a6c49a606af9e1c2","1","2","228266","https://p.scdn.co/mp3-preview/e463e721d6b9a9965138a632eae42d9a28a5b1eb?cid=9950ac751e34487dbbe027c4fd7f8e99","false","0","SEAYD8102020","spotify:user:mcastet","2017-06-16T20:28:28Z"
"spotify:track:3ZD6yWKBTI6U9mHEFw6UMp","Hey, Hey Helen","spotify:artist:0LcJLqbBmaGUft1e9Mm8HV","ABBA","spotify:album:5zT1JLIj9E57p3e1rFm9Uq","Abba","spotify:artist:0LcJLqbBmaGUft1e9Mm8HV","ABBA","1975","https://i.scdn.co/image/ab67616d0000b27379e86d08eb947241b3a9247c","1","2","197466","https://p.scdn.co/mp3-preview/d888e405e4f32cc04744d8b9d2628641ac4f2356?cid=9950ac751e34487dbbe027c4fd7f8e99","false","0","SEAYD7501020","spotify:user:mcastet","2017-06-16T20:28:43Z"
"spotify:track:4vcclfPYyWZsFvFJWUBC2o","Hole In Your Soul","spotify:artist:0LcJLqbBmaGUft1e9Mm8HV","ABBA","spotify:album:5rHIYv9tgmZjvvMOMhho2x","The Album","spotify:artist:0LcJLqbBmaGUft1e9Mm8HV","ABBA","1977","https://i.scdn.co/image/ab67616d0000b2731a52c421e2fbf01d5175e48e","1","6","221093","https://p.scdn.co/mp3-preview/14d3114464bcc2aa043258e8522cc2e21d9f41a7?cid=9950ac751e34487dbbe027c4fd7f8e99","false","0","SEAYD7702060","spotify:user:mcastet","2017-06-16T20:28:59Z"
"spotify:track:4S27bP24hOfhT9JmP19Rdo","Honey, Honey","spotify:artist:0LcJLqbBmaGUft1e9Mm8HV","ABBA","spotify:album:3QUUDduYhYg1eOicdQ53wh","The Essential Collection","spotify:artist:0LcJLqbBmaGUft1e9Mm8HV","ABBA","2012-01-01","https://i.scdn.co/image/ab67616d0000b273ded1be35efdfd55bf35df1fa","1","6","174066","https://p.scdn.co/mp3-preview/42f2312782317a34cd6cc9ae5c7c14920432875f?cid=9950ac751e34487dbbe027c4fd7f8e99","false","0","SEAYD7423170","spotify:user:mcastet","2017-06-16T20:29:11Z"
"spotify:track:2tmWQIoUc9TSIj9AIOwelP","I'm A Marionette","spotify:artist:0LcJLqbBmaGUft1e9Mm8HV","ABBA","spotify:album:5rHIYv9tgmZjvvMOMhho2x","The Album","spotify:artist:0LcJLqbBmaGUft1e9Mm8HV","ABBA","1977","https://i.scdn.co/image/ab67616d0000b2731a52c421e2fbf01d5175e48e","1","9","243720","https://p.scdn.co/mp3-preview/abb4a478e327e9e3f19d200bfd33b6443eb02669?cid=9950ac751e34487dbbe027c4fd7f8e99","false","0","SEAYD7702100","spotify:user:mcastet","2017-06-25T10:13:23Z"
"spotify:track:5Lvyq5cc2hhUKce06Jfy8K","I've Been Waiting For You","spotify:artist:0LcJLqbBmaGUft1e9Mm8HV","ABBA","spotify:album:5zT1JLIj9E57p3e1rFm9Uq","Abba","spotify:artist:0LcJLqbBmaGUft1e9Mm8HV","ABBA","1975","https://i.scdn.co/image/ab67616d0000b27379e86d08eb947241b3a9247c","1","10","221720","https://p.scdn.co/mp3-preview/312cc093d4f4e98d92686753e226efdd6f7e9bc5?cid=9950ac751e34487dbbe027c4fd7f8e99","false","0","SEAYD7501100","spotify:user:mcastet","2017-06-16T20:30:56Z"
"spotify:track:5GhB8ZvCId4BbA1mXcrT78","I Am Just A Girl","spotify:artist:0LcJLqbBmaGUft1e9Mm8HV","ABBA","spotify:album:00GMnZ71KyvmEnZfqcsFP4","Abba Gold Anniversary Edition","spotify:artist:0LcJLqbBmaGUft1e9Mm8HV","ABBA","2014-01-01","https://i.scdn.co/image/ab67616d0000b2735893ae3de02b83786469af35","3","2","182480","https://p.scdn.co/mp3-preview/ec188d95399e4cd5928f75a02f6a81c0eb3c2e42?cid=9950ac751e34487dbbe027c4fd7f8e99","false","28","SEAYD7301110","spotify:user:mcastet","2017-06-16T20:29:40Z"
"spotify:track:6pVTUfVTtDcsfuSBoqo1w8","I Am The City","spotify:artist:0LcJLqbBmaGUft1e9Mm8HV","ABBA","spotify:album:5sz84Oa5PGE0uSMcHTe6TD","The Visitors (Deluxe Edition)","spotify:artist:0LcJLqbBmaGUft1e9Mm8HV","ABBA","1981","https://i.scdn.co/image/ab67616d0000b2735232991c22bfdf5c8ad5d694","1","11","244240","https://p.scdn.co/mp3-preview/cd3ec655299ec21db21904bc41cbafcf5b384ff4?cid=9950ac751e34487dbbe027c4fd7f8e99","false","0","SEAYD8209040","spotify:user:mcastet","2017-06-16T20:29:56Z"
"spotify:track:2JNzo5lIfJNFXV1ttcLD7r","I Can Be That Woman","spotify:artist:0LcJLqbBmaGUft1e9Mm8HV","ABBA","spotify:album:0uUtGVj0y9FjfKful7cABY","Voyage","spotify:artist:0LcJLqbBmaGUft1e9Mm8HV","ABBA","2021-11-05","https://i.scdn.co/image/ab67616d0000b273225d9c1b06ca69aec9b08381","1","6","241893","https://p.scdn.co/mp3-preview/72740b78f72a8f514ad5c18ce03c5b4596336bb6?cid=9950ac751e34487dbbe027c4fd7f8e99","false","42","SE6XG2100106","spotify:user:mcastet","2021-11-04T23:03:32Z"
"spotify:track:5tpjzKkNw6xg1FA2EEx38C","I Do, I Do, I Do, I Do, I Do","spotify:artist:0LcJLqbBmaGUft1e9Mm8HV","ABBA","spotify:album:5zT1JLIj9E57p3e1rFm9Uq","Abba","spotify:artist:0LcJLqbBmaGUft1e9Mm8HV","ABBA","1975","https://i.scdn.co/image/ab67616d0000b27379e86d08eb947241b3a9247c","1","7","197800","https://p.scdn.co/mp3-preview/3deee247451cf14be7e79b59985b8828c7a86316?cid=9950ac751e34487dbbe027c4fd7f8e99","false","0","SEAYD7501070","spotify:user:mcastet","2017-06-16T20:30:12Z"
"spotify:track:3eutisUAO0FOgAE4gnaIwo","I Have A Dream","spotify:artist:0LcJLqbBmaGUft1e9Mm8HV","ABBA","spotify:album:2rp5riHULWgrXPsDtsp1ir","ABBA Gold","spotify:artist:0LcJLqbBmaGUft1e9Mm8HV","ABBA","2008-01-01","https://i.scdn.co/image/ab67616d0000b2733bb42ae6247b62167d71256d","1","7","283533","https://p.scdn.co/mp3-preview/a56657148f2e26a7a78cca1de7a576aaeb7c442a?cid=9950ac751e34487dbbe027c4fd7f8e99","false","0","SEAYD7901030","spotify:user:mcastet","2017-07-02T19:18:13Z"
"spotify:track:0C0wma9fC4Pm5gogVfXps2","I Let The Music Speak","spotify:artist:0LcJLqbBmaGUft1e9Mm8HV","ABBA","spotify:album:0lXoZDB0yfxncR0cyrWDmf","The Visitors","spotify:artist:0LcJLqbBmaGUft1e9Mm8HV","ABBA","1981","https://i.scdn.co/image/ab67616d0000b27373ffcfc0a6c49a606af9e1c2","1","5","322533","https://p.scdn.co/mp3-preview/260e418bccc6a88a68c58d1d23cec5b21891f9b9?cid=9950ac751e34487dbbe027c4fd7f8e99","false","0","SEAYD8102050","spotify:user:mcastet","2017-06-16T20:30:31Z"
"spotify:track:0KhZvTshmGxI7xfoOd3zLK","I Saw It In The Mirror","spotify:artist:0LcJLqbBmaGUft1e9Mm8HV","ABBA","spotify:album:5RwHHhuFTbbiznBtE3VATV","Ring Ring (Deluxe Edition)","spotify:artist:0LcJLqbBmaGUft1e9Mm8HV","ABBA","1973","https://i.scdn.co/image/ab67616d0000b273d881e8f6b01460b8012a62f0","1","5","154826","https://p.scdn.co/mp3-preview/47bba1575d3b04a287f31751778ee400fc6841fe?cid=9950ac751e34487dbbe027c4fd7f8e99","false","0","SEAYD7301050","spotify:user:mcastet","2017-06-16T20:30:44Z"
"spotify:track:3ddxe0WYUpNPtSnHgQOad5","I Still Have Faith In You","spotify:artist:0LcJLqbBmaGUft1e9Mm8HV","ABBA","spotify:album:02hUNciNYPRn4Fk5tY4toP","I Still Have Faith In You / Don't Shut Me Down","spotify:artist:0LcJLqbBmaGUft1e9Mm8HV","ABBA","2021-09-02","https://i.scdn.co/image/ab67616d0000b27323533fedac2927315c55d34b","1","1","310720","https://p.scdn.co/mp3-preview/4a3efda8957ad0417409a1fe63c0723aeb7cd322?cid=9950ac751e34487dbbe027c4fd7f8e99","false","53","SE6XG2100101","spotify:user:mcastet","2021-09-03T07:30:00Z"
"spotify:track:38CDh9Z7eoqzke85dvvePw","I Wonder (Departure)","spotify:artist:0LcJLqbBmaGUft1e9Mm8HV","ABBA","spotify:album:00GMnZ71KyvmEnZfqcsFP4","Abba Gold Anniversary Edition","spotify:artist:0LcJLqbBmaGUft1e9Mm8HV","ABBA","2014-01-01","https://i.scdn.co/image/ab67616d0000b2735893ae3de02b83786469af35","2","12","271160","https://p.scdn.co/mp3-preview/d297ceb90460889aff554bb5085157296fceb72e?cid=9950ac751e34487dbbe027c4fd7f8e99","false","30","SEAYD7702090","spotify:user:mcastet","2017-06-16T20:31:08Z"
"spotify:track:3rMR6J50Ol1apTWME50G11","If It Wasn't For The Nights","spotify:artist:0LcJLqbBmaGUft1e9Mm8HV","ABBA","spotify:album:366R23DbfxqjZo6AUBrQjv","Voulez-Vous","spotify:artist:0LcJLqbBmaGUft1e9Mm8HV","ABBA","1979","https://i.scdn.co/image/ab67616d0000b2731da6e1da33a17f14599641d5","1","7","311546","https://p.scdn.co/mp3-preview/790920ebda3143b8cf2d3446809e8cdf9bcf7970?cid=9950ac751e34487dbbe027c4fd7f8e99","false","0","SEAYD7901070","spotify:user:mcastet","2017-06-16T20:31:42Z"
"spotify:track:12Gx5uHEmfW7JaUDfAFXrp","Intermezzo No.1","spotify:artist:0LcJLqbBmaGUft1e9Mm8HV","ABBA","spotify:album:5zT1JLIj9E57p3e1rFm9Uq","Abba","spotify:artist:0LcJLqbBmaGUft1e9Mm8HV","ABBA","1975","https://i.scdn.co/image/ab67616d0000b27379e86d08eb947241b3a9247c","1","9","226920","https://p.scdn.co/mp3-preview/a7058e49fd19716806b50c82bf3892947ae23d5e?cid=9950ac751e34487dbbe027c4fd7f8e99","false","0","SEAYD7501090","spotify:user:mcastet","2017-06-16T20:32:09Z"
"spotify:track:1vzLCOukxhUA26QnqACxVL","Just A Notion","spotify:artist:0LcJLqbBmaGUft1e9Mm8HV","ABBA","spotify:album:2GaJEBV9MsxCsAInGtMRJ6","Just A Notion","spotify:artist:0LcJLqbBmaGUft1e9Mm8HV","ABBA","2021-10-22","https://i.scdn.co/image/ab67616d0000b27326c2fa31f22ae77322338181","1","1","211320","https://p.scdn.co/mp3-preview/a3fdd1f64810e977479221c6ef58a9d86f33e2e3?cid=9950ac751e34487dbbe027c4fd7f8e99","false","33","SE6XG2100105","spotify:user:mcastet","2021-10-21T23:00:17Z"
"spotify:track:1OC16r1BdQO6hK2iqmvwXF","Keep An Eye On Dan","spotify:artist:0LcJLqbBmaGUft1e9Mm8HV","ABBA","spotify:album:0uUtGVj0y9FjfKful7cABY","Voyage","spotify:artist:0LcJLqbBmaGUft1e9Mm8HV","ABBA","2021-11-05","https://i.scdn.co/image/ab67616d0000b273225d9c1b06ca69aec9b08381","1","7","245053","https://p.scdn.co/mp3-preview/1c66a38cb2edf6d0360dcf41d5f440ec593c1ed8?cid=9950ac751e34487dbbe027c4fd7f8e99","false","45","SE6XG2100107","spotify:user:mcastet","2021-11-04T23:03:37Z"
"spotify:track:6xIt3zfH5vnNQ3nCDbaUP6","King Kong Song","spotify:artist:0LcJLqbBmaGUft1e9Mm8HV","ABBA","spotify:album:00GMnZ71KyvmEnZfqcsFP4","Abba Gold Anniversary Edition","spotify:artist:0LcJLqbBmaGUft1e9Mm8HV","ABBA","2014-01-01","https://i.scdn.co/image/ab67616d0000b2735893ae3de02b83786469af35","3","4","192440","https://p.scdn.co/mp3-preview/5cc2a9ae2de6713e5913133999272c2ec5e623c4?cid=9950ac751e34487dbbe027c4fd7f8e99","false","27","SEAYD7401030","spotify:user:mcastet","2017-06-16T20:32:22Z"
"spotify:track:7g3Jekv3IYFY9QkXdTUsrj","Kisses Of Fire","spotify:artist:0LcJLqbBmaGUft1e9Mm8HV","ABBA","spotify:album:366R23DbfxqjZo6AUBrQjv","Voulez-Vous","spotify:artist:0LcJLqbBmaGUft1e9Mm8HV","ABBA","1979","https://i.scdn.co/image/ab67616d0000b2731da6e1da33a17f14599641d5","1","10","197933","https://p.scdn.co/mp3-preview/e39cacb66fdc9a3e93f3665266902fe939043ed0?cid=9950ac751e34487dbbe027c4fd7f8e99","false","0","SEAYD7901100","spotify:user:mcastet","2017-06-16T20:32:34Z"
"spotify:track:6lKHJ5df6jPEZjSntVw6zP","Knowing Me, Knowing You","spotify:artist:0LcJLqbBmaGUft1e9Mm8HV","ABBA","spotify:album:2rp5riHULWgrXPsDtsp1ir","ABBA Gold","spotify:artist:0LcJLqbBmaGUft1e9Mm8HV","ABBA","2008-01-01","https://i.scdn.co/image/ab67616d0000b2733bb42ae6247b62167d71256d","1","2","241813","https://p.scdn.co/mp3-preview/f1e7727efbd75508bdcddacccb77d081ce66e72a?cid=9950ac751e34487dbbe027c4fd7f8e99","false","0","SEAYD7601050","spotify:user:mcastet","2017-06-16T20:32:41Z"
"spotify:track:3LIaJyHeA9lxmskbFaez44","Lay All Your Love On Me","spotify:artist:0LcJLqbBmaGUft1e9Mm8HV","ABBA","spotify:album:1nVUhbpkGwlTKxSIF6UJyM","Super Trouper","spotify:artist:0LcJLqbBmaGUft1e9Mm8HV","ABBA","1980","https://i.scdn.co/image/ab67616d0000b273226c848268e693f3812e7e69","1","9","274466","https://p.scdn.co/mp3-preview/36f9f1b36c0b6ebbdeb2788083327c806a3f5e6a?cid=9950ac751e34487dbbe027c4fd7f8e99","false","0","SEAYD8001090","spotify:user:mcastet","2017-06-16T20:33:00Z"
"spotify:track:2xlsgIyevpAtXcVXEk3PY5","Like An Angel Passing Through My Room","spotify:artist:0LcJLqbBmaGUft1e9Mm8HV","ABBA","spotify:album:0lXoZDB0yfxncR0cyrWDmf","The Visitors","spotify:artist:0LcJLqbBmaGUft1e9Mm8HV","ABBA","1981","https://i.scdn.co/image/ab67616d0000b27373ffcfc0a6c49a606af9e1c2","1","9","214746","https://p.scdn.co/mp3-preview/8a36a06f54d0f62da3b0aaaa508908601eb4aa80?cid=9950ac751e34487dbbe027c4fd7f8e99","false","0","SEAYD8102090","spotify:user:mcastet","2017-06-16T20:33:10Z"
"spotify:track:1vLPyotXnRlM2EJIHK16LW","Little Things","spotify:artist:0LcJLqbBmaGUft1e9Mm8HV","ABBA","spotify:album:0uUtGVj0y9FjfKful7cABY","Voyage","spotify:artist:0LcJLqbBmaGUft1e9Mm8HV","ABBA","2021-11-05","https://i.scdn.co/image/ab67616d0000b273225d9c1b06ca69aec9b08381","1","3","188320","https://p.scdn.co/mp3-preview/eaad01c39851ecc29677e3c5c949dbc8c7999f56?cid=9950ac751e34487dbbe027c4fd7f8e99","false","56","SE6XG2100103","spotify:user:mcastet","2021-11-04T23:03:25Z"
"spotify:track:6NGFDU8iqBNzCJgQgTLCXZ","Love Isn't Easy (But It Sure Is Hard Enough)","spotify:artist:0LcJLqbBmaGUft1e9Mm8HV","ABBA","spotify:album:3QUUDduYhYg1eOicdQ53wh","The Essential Collection","spotify:artist:0LcJLqbBmaGUft1e9Mm8HV","ABBA","2012-01-01","https://i.scdn.co/image/ab67616d0000b273ded1be35efdfd55bf35df1fa","1","4","175106","https://p.scdn.co/mp3-preview/5283704f55ce44a5b3f9c5e99415f7da347f0713?cid=9950ac751e34487dbbe027c4fd7f8e99","false","0","SEAYD7301070","spotify:user:mcastet","2017-06-25T10:12:18Z"
"spotify:track:2l9SsVPFLHWYN7inUHP4Z4","Lovelight - Original Version","spotify:artist:0LcJLqbBmaGUft1e9Mm8HV","ABBA","spotify:album:00GMnZ71KyvmEnZfqcsFP4","Abba Gold Anniversary Edition","spotify:artist:0LcJLqbBmaGUft1e9Mm8HV","ABBA","2014-01-01","https://i.scdn.co/image/ab67616d0000b2735893ae3de02b83786469af35","2","13","226533","https://p.scdn.co/mp3-preview/e8fa74ce7bd6e33687d895cd8a3c7c65cebe09e6?cid=9950ac751e34487dbbe027c4fd7f8e99","false","29","SEAYD7901110","spotify:user:mcastet","2017-06-25T10:12:30Z"
"spotify:track:0pqw5LqwcmJxj8xHcxQzeG","Lovers (Live A Little Longer)","spotify:artist:0LcJLqbBmaGUft1e9Mm8HV","ABBA","spotify:album:366R23DbfxqjZo6AUBrQjv","Voulez-Vous","spotify:artist:0LcJLqbBmaGUft1e9Mm8HV","ABBA","1979","https://i.scdn.co/image/ab67616d0000b2731da6e1da33a17f14599641d5","1","9","211173","https://p.scdn.co/mp3-preview/b9e75ea5ccb06d7dbbc1162936efcdd2f6d951f6?cid=9950ac751e34487dbbe027c4fd7f8e99","false","0","SEAYD7901090","spotify:user:mcastet","2017-06-25T10:12:43Z"
"spotify:track:6UIwfaQh9RP2anZ5OMQPfX","Mamma Mia","spotify:artist:0LcJLqbBmaGUft1e9Mm8HV","ABBA","spotify:album:2rp5riHULWgrXPsDtsp1ir","ABBA Gold","spotify:artist:0LcJLqbBmaGUft1e9Mm8HV","ABBA","2008-01-01","https://i.scdn.co/image/ab67616d0000b2733bb42ae6247b62167d71256d","1","4","210960","https://p.scdn.co/mp3-preview/b578f8867804a1545b49ef6aea52bd0b8ec766d4?cid=9950ac751e34487dbbe027c4fd7f8e99","false","0","SEAYD7501010","spotify:user:mcastet","2017-06-25T10:12:56Z"
"spotify:track:1NNP9rBRmr2aCehIXyfDBN","Man In The Middle","spotify:artist:0LcJLqbBmaGUft1e9Mm8HV","ABBA","spotify:album:00GMnZ71KyvmEnZfqcsFP4","Abba Gold Anniversary Edition","spotify:artist:0LcJLqbBmaGUft1e9Mm8HV","ABBA","2014-01-01","https://i.scdn.co/image/ab67616d0000b2735893ae3de02b83786469af35","3","7","181120","https://p.scdn.co/mp3-preview/5ec1b2f02a6081b59ace48bcdfb905ed3776f9de?cid=9950ac751e34487dbbe027c4fd7f8e99","false","26","SEAYD7501050","spotify:user:mcastet","2017-06-25T10:13:06Z"
"spotify:track:0SjBa52nFyjO8Q2IHaZAuB","Me And Bobby And Bobby's Brother","spotify:artist:0LcJLqbBmaGUft1e9Mm8HV","ABBA","spotify:album:1IfqW9mCyH8l8uh8dz5R5v","Ring Ring","spotify:artist:0LcJLqbBmaGUft1e9Mm8HV","ABBA","1973","https://i.scdn.co/image/ab67616d0000b273cb4998105cfac34be700fdf9","1","8","171346","https://p.scdn.co/mp3-preview/106372875c1b4f309af6188db641ebefd788c848?cid=9950ac751e34487dbbe027c4fd7f8e99","false","0","SEAYD7301080","spotify:user:mcastet","2017-06-25T10:13:42Z"
"spotify:track:4iSIGryrjjkKCTKERmO9rU","Me And I","spotify:artist:0LcJLqbBmaGUft1e9Mm8HV","ABBA","spotify:album:1nVUhbpkGwlTKxSIF6UJyM","Super Trouper","spotify:artist:0LcJLqbBmaGUft1e9Mm8HV","ABBA","1980","https://i.scdn.co/image/ab67616d0000b273226c848268e693f3812e7e69","1","5","295093","https://p.scdn.co/mp3-preview/c19b9b1917f7375d934d358dd5afa6a83de757c9?cid=9950ac751e34487dbbe027c4fd7f8e99","false","0","SEAYD8001050","spotify:user:mcastet","2017-06-25T10:13:55Z"
"spotify:track:3VmTQCzy8QWwKBxD9g0VSU","Medley: Pick A Bale Of Cotton","spotify:artist:0LcJLqbBmaGUft1e9Mm8HV","ABBA","spotify:album:1kM6xcSYO5ASJaWgygznL7","Abba","spotify:artist:0LcJLqbBmaGUft1e9Mm8HV","ABBA","1975","https://i.scdn.co/image/ab67616d0000b27392d0747a634fcc351c6ac3c2","1","13","261866","https://p.scdn.co/mp3-preview/c67c484a0b253689459312e85196a13899f280be?cid=9950ac751e34487dbbe027c4fd7f8e99","false","29","SEAYD7813080","spotify:user:mcastet","2019-07-19T21:02:47Z"
"spotify:track:7a4iu7F9ZMkx5FB5DKP72x","Merry-Go-Round","spotify:artist:0LcJLqbBmaGUft1e9Mm8HV","ABBA","spotify:album:3Il2ad1NGO9zoY1FIVBuHD","Ring Ring","spotify:artist:0LcJLqbBmaGUft1e9Mm8HV","ABBA","1973","https://i.scdn.co/image/ab67616d0000b273344de893922b3605a638d40f","1","13","204120","https://p.scdn.co/mp3-preview/7e30b5b7579172c069d72c215fa71e44c086ff14?cid=9950ac751e34487dbbe027c4fd7f8e99","false","20","SEAYD7215121","spotify:user:mcastet","2020-07-09T18:43:43Z"
"spotify:track:2ijsITOdUkUeF8EW7OfYBr","Money, Money, Money","spotify:artist:0LcJLqbBmaGUft1e9Mm8HV","ABBA","spotify:album:2rp5riHULWgrXPsDtsp1ir","ABBA Gold","spotify:artist:0LcJLqbBmaGUft1e9Mm8HV","ABBA","2008-01-01","https://i.scdn.co/image/ab67616d0000b2733bb42ae6247b62167d71256d","1","9","186786","https://p.scdn.co/mp3-preview/9b4dc77fd89d72cfd0904ccaff3da3aaedcdc4a9?cid=9950ac751e34487dbbe027c4fd7f8e99","false","0","SEAYD7601060","spotify:user:mcastet","2017-06-25T10:14:23Z"
"spotify:track:5ElzcSjjFHh22jIszFaiBz","Move On","spotify:artist:0LcJLqbBmaGUft1e9Mm8HV","ABBA","spotify:album:5rHIYv9tgmZjvvMOMhho2x","The Album","spotify:artist:0LcJLqbBmaGUft1e9Mm8HV","ABBA","1977","https://i.scdn.co/image/ab67616d0000b2731a52c421e2fbf01d5175e48e","1","5","283053","https://p.scdn.co/mp3-preview/ec1308105323768053408c86a3bde87173f50e4b?cid=9950ac751e34487dbbe027c4fd7f8e99","false","0","SEAYD7702050","spotify:user:mcastet","2017-06-25T10:14:31Z"
"spotify:track:6x4H8BEjM79mGklUKF1DuJ","My Love, My Life","spotify:artist:0LcJLqbBmaGUft1e9Mm8HV","ABBA","spotify:album:79ZX48114T8NH36MnOTtl7","Arrival","spotify:artist:0LcJLqbBmaGUft1e9Mm8HV","ABBA","1976-10-11","https://i.scdn.co/image/ab67616d0000b2739aa209383c254c9e23e7f909","1","3","231280","https://p.scdn.co/mp3-preview/54cae5915488129af7e244a10b906c05b39235dd?cid=9950ac751e34487dbbe027c4fd7f8e99","false","0","SEAYD7601030","spotify:user:mcastet","2017-06-25T10:14:41Z"
"spotify:track:3jdfFwrEng4yEoGeFwJ4qy","My Mama Said","spotify:artist:0LcJLqbBmaGUft1e9Mm8HV","ABBA","spotify:album:6z64yW1QS3cspLZMJjdqjG","Waterloo (Deluxe Edition)","spotify:artist:0LcJLqbBmaGUft1e9Mm8HV","ABBA","1974-03-04","https://i.scdn.co/image/ab67616d0000b27369a4b8cd2c913de57733fad6","1","5","195880","https://p.scdn.co/mp3-preview/bf491c539e7f50f4096c041b4ccd4a3594546059?cid=9950ac751e34487dbbe027c4fd7f8e99","false","0","SEAYD7401050","spotify:user:mcastet","2017-06-25T10:14:52Z"
"spotify:track:07wctg7bkx8IdtWq4o92y8","Nina, Pretty Ballerina","spotify:artist:0LcJLqbBmaGUft1e9Mm8HV","ABBA","spotify:album:1IfqW9mCyH8l8uh8dz5R5v","Ring Ring","spotify:artist:0LcJLqbBmaGUft1e9Mm8HV","ABBA","1973","https://i.scdn.co/image/ab67616d0000b273cb4998105cfac34be700fdf9","1","6","172346","https://p.scdn.co/mp3-preview/017a8f671bf2f183d2bfc445bb2bda5cbe894705?cid=9950ac751e34487dbbe027c4fd7f8e99","false","0","SEAYD7301060","spotify:user:mcastet","2017-06-25T10:14:59Z"
"spotify:track:293qCzqLqTYoqAkv1gqkdR","No Doubt About It","spotify:artist:0LcJLqbBmaGUft1e9Mm8HV","ABBA","spotify:album:0uUtGVj0y9FjfKful7cABY","Voyage","spotify:artist:0LcJLqbBmaGUft1e9Mm8HV","ABBA","2021-11-05","https://i.scdn.co/image/ab67616d0000b273225d9c1b06ca69aec9b08381","1","9","176573","https://p.scdn.co/mp3-preview/06b717bc76b4cb4fec4ee4da5a60026cf91589c2?cid=9950ac751e34487dbbe027c4fd7f8e99","false","37","SE6XG2100109","spotify:user:mcastet","2021-11-04T23:03:52Z"
"spotify:track:5OfCD9LJbl7jitYVThliKk","Ode To Freedom","spotify:artist:0LcJLqbBmaGUft1e9Mm8HV","ABBA","spotify:album:0uUtGVj0y9FjfKful7cABY","Voyage","spotify:artist:0LcJLqbBmaGUft1e9Mm8HV","ABBA","2021-11-05","https://i.scdn.co/image/ab67616d0000b273225d9c1b06ca69aec9b08381","1","10","212160","https://p.scdn.co/mp3-preview/9881b53457611e197d95d2ba0356bd61b8b88363?cid=9950ac751e34487dbbe027c4fd7f8e99","false","40","SE6XG2100110","spotify:user:mcastet","2021-11-04T23:03:56Z"
"spotify:track:01VnMhCmzbDIlvaX7tC2jb","On And On And On","spotify:artist:0LcJLqbBmaGUft1e9Mm8HV","ABBA","spotify:album:1nVUhbpkGwlTKxSIF6UJyM","Super Trouper","spotify:artist:0LcJLqbBmaGUft1e9Mm8HV","ABBA","1980","https://i.scdn.co/image/ab67616d0000b273226c848268e693f3812e7e69","1","3","220280","https://p.scdn.co/mp3-preview/ceff3783817e0350e6dcf9cac293d6e661a30fd1?cid=9950ac751e34487dbbe027c4fd7f8e99","false","0","SEAYD8001030","spotify:user:mcastet","2017-06-25T10:15:08Z"
"spotify:track:4uRErRTfvUBgIJzqXgO3Br","One Man, One Woman","spotify:artist:0LcJLqbBmaGUft1e9Mm8HV","ABBA","spotify:album:5rHIYv9tgmZjvvMOMhho2x","The Album","spotify:artist:0LcJLqbBmaGUft1e9Mm8HV","ABBA","1977","https://i.scdn.co/image/ab67616d0000b2731a52c421e2fbf01d5175e48e","1","3","275160","https://p.scdn.co/mp3-preview/d5ec8ee0d88798200f246af755428197e280a023?cid=9950ac751e34487dbbe027c4fd7f8e99","false","0","SEAYD7702030","spotify:user:mcastet","2017-06-25T10:15:22Z"
"spotify:track:1yq0DuhjvpnaOHnwZi5tu6","One Of Us","spotify:artist:0LcJLqbBmaGUft1e9Mm8HV","ABBA","spotify:album:2rp5riHULWgrXPsDtsp1ir","ABBA Gold","spotify:artist:0LcJLqbBmaGUft1e9Mm8HV","ABBA","2008-01-01","https://i.scdn.co/image/ab67616d0000b2733bb42ae6247b62167d71256d","1","16","234573","https://p.scdn.co/mp3-preview/6ab1a8a5545a60f16dbad5b91ec39d74cfd707da?cid=9950ac751e34487dbbe027c4fd7f8e99","false","0","SEAYD8102060","spotify:user:mcastet","2017-06-25T10:15:37Z"
"spotify:track:74C9DcqBBeIoadl3MZR6NU","Our Last Summer","spotify:artist:0LcJLqbBmaGUft1e9Mm8HV","ABBA","spotify:album:1nVUhbpkGwlTKxSIF6UJyM","Super Trouper","spotify:artist:0LcJLqbBmaGUft1e9Mm8HV","ABBA","1980","https://i.scdn.co/image/ab67616d0000b273226c848268e693f3812e7e69","1","7","259733","https://p.scdn.co/mp3-preview/e04d4f338e6ac9adbe95a18a08b49ea08ab3c011?cid=9950ac751e34487dbbe027c4fd7f8e99","false","0","SEAYD8001070","spotify:user:mcastet","2017-06-25T10:15:48Z"
"spotify:track:5juoQ4Xp4V3xDTvN6ROZMu","People Need Love","spotify:artist:0LcJLqbBmaGUft1e9Mm8HV","ABBA","spotify:album:1IfqW9mCyH8l8uh8dz5R5v","Ring Ring","spotify:artist:0LcJLqbBmaGUft1e9Mm8HV","ABBA","1973","https://i.scdn.co/image/ab67616d0000b273cb4998105cfac34be700fdf9","1","4","169253","https://p.scdn.co/mp3-preview/3cc6dddee540659235031dc95a789cca883b7378?cid=9950ac751e34487dbbe027c4fd7f8e99","false","0","SEAYD7301040","spotify:user:mcastet","2017-06-25T10:16:12Z"
"spotify:track:1iY7Axxe2N019zRiVp4TsL","Put On Your White Sombrero","spotify:artist:0LcJLqbBmaGUft1e9Mm8HV","ABBA","spotify:album:1nVUhbpkGwlTKxSIF6UJyM","Super Trouper","spotify:artist:0LcJLqbBmaGUft1e9Mm8HV","ABBA","1980","https://i.scdn.co/image/ab67616d0000b273226c848268e693f3812e7e69","1","12","272493","https://p.scdn.co/mp3-preview/8667528e06b2d2088ff075de80948b7593a16686?cid=9950ac751e34487dbbe027c4fd7f8e99","false","0","SEAYD9413010","spotify:user:mcastet","2018-02-11T13:29:33Z"
"spotify:track:7Ih3WvmtioKy7Os8hLlI0z","Ring Ring","spotify:artist:0LcJLqbBmaGUft1e9Mm8HV","ABBA","spotify:album:3QUUDduYhYg1eOicdQ53wh","The Essential Collection","spotify:artist:0LcJLqbBmaGUft1e9Mm8HV","ABBA","2012-01-01","https://i.scdn.co/image/ab67616d0000b273ded1be35efdfd55bf35df1fa","1","3","185840","https://p.scdn.co/mp3-preview/81c798fb977b387acb3666b73a65e672853b1843?cid=9950ac751e34487dbbe027c4fd7f8e99","false","0","SEAYD7301010","spotify:user:mcastet","2017-07-02T19:10:57Z"
"spotify:track:23JlidWzri3ZtlHpM72OwS","Rock Me","spotify:artist:0LcJLqbBmaGUft1e9Mm8HV","ABBA","spotify:album:5zT1JLIj9E57p3e1rFm9Uq","Abba","spotify:artist:0LcJLqbBmaGUft1e9Mm8HV","ABBA","1975","https://i.scdn.co/image/ab67616d0000b27379e86d08eb947241b3a9247c","1","8","187346","https://p.scdn.co/mp3-preview/b4da9ef9c241217c30d76997b0a205969a9a6651?cid=9950ac751e34487dbbe027c4fd7f8e99","false","0","SEAYD7501080","spotify:user:mcastet","2017-07-02T19:11:11Z"
"spotify:track:2llN3IetldxX64YwI51E5F","Rock'N'Roll Band","spotify:artist:0LcJLqbBmaGUft1e9Mm8HV","ABBA","spotify:album:1IfqW9mCyH8l8uh8dz5R5v","Ring Ring","spotify:artist:0LcJLqbBmaGUft1e9Mm8HV","ABBA","1973","https://i.scdn.co/image/ab67616d0000b273cb4998105cfac34be700fdf9","1","12","191200","https://p.scdn.co/mp3-preview/304cc9f3fc16235ff62dab6d1954b028e3f2a18b?cid=9950ac751e34487dbbe027c4fd7f8e99","false","0","SEAYD7301120","spotify:user:mcastet","2017-07-02T19:11:27Z"
"spotify:track:2c6BNK8IQjsFdUznUBDe4N","S.O.S.","spotify:artist:0LcJLqbBmaGUft1e9Mm8HV","ABBA","spotify:album:5zT1JLIj9E57p3e1rFm9Uq","Abba","spotify:artist:0LcJLqbBmaGUft1e9Mm8HV","ABBA","1975","https://i.scdn.co/image/ab67616d0000b27379e86d08eb947241b3a9247c","1","4","205466","https://p.scdn.co/mp3-preview/541410a57ed8a86f4e7829245683530230dbe169?cid=9950ac751e34487dbbe027c4fd7f8e99","false","0","SEAYD7501040","spotify:user:mcastet","2017-07-02T19:11:36Z"
"spotify:track:1xvRAVSV6jWUYgrlsnpqoj","Santa Rosa","spotify:artist:0LcJLqbBmaGUft1e9Mm8HV","ABBA","spotify:album:3Il2ad1NGO9zoY1FIVBuHD","Ring Ring","spotify:artist:0LcJLqbBmaGUft1e9Mm8HV","ABBA","1973","https://i.scdn.co/image/ab67616d0000b273344de893922b3605a638d40f","1","14","179653","https://p.scdn.co/mp3-preview/cbf4139d41bb2f923cdd7c06e77a7a14c7c41506?cid=9950ac751e34487dbbe027c4fd7f8e99","false","20","SEAYD7313060","spotify:user:mcastet","2020-07-09T18:42:26Z"
"spotify:track:4eJxwzbh662WagvwWGKK0D","She's My Kind Of Girl","spotify:artist:0LcJLqbBmaGUft1e9Mm8HV","ABBA","spotify:album:1IfqW9mCyH8l8uh8dz5R5v","Ring Ring","spotify:artist:0LcJLqbBmaGUft1e9Mm8HV","ABBA","1973","https://i.scdn.co/image/ab67616d0000b273cb4998105cfac34be700fdf9","1","10","165973","https://p.scdn.co/mp3-preview/6b40814f4710af3a1161f87e8c9b444cf0cfbbbf?cid=9950ac751e34487dbbe027c4fd7f8e99","false","0","SEAYD7313070","spotify:user:mcastet","2017-07-02T19:11:45Z"
"spotify:track:0kLSZq7eCsNTymH80N4LYo","Should I Laugh Or Cry","spotify:artist:0LcJLqbBmaGUft1e9Mm8HV","ABBA","spotify:album:0lXoZDB0yfxncR0cyrWDmf","The Visitors","spotify:artist:0LcJLqbBmaGUft1e9Mm8HV","ABBA","1981","https://i.scdn.co/image/ab67616d0000b27373ffcfc0a6c49a606af9e1c2","1","10","272173","https://p.scdn.co/mp3-preview/8c7a0cf984dc88dc7dff438c562ff31f6b1eaf00?cid=9950ac751e34487dbbe027c4fd7f8e99","false","0","SEAYD8102100","spotify:user:mcastet","2017-07-02T19:11:59Z"
"spotify:track:2FM7AOQVZE7c8NLD5yr595","Sitting In The Palmtree","spotify:artist:0LcJLqbBmaGUft1e9Mm8HV","ABBA","spotify:album:5JGTMU2ovYCxC6nfJbft8W","Waterloo","spotify:artist:0LcJLqbBmaGUft1e9Mm8HV","ABBA","1974","https://i.scdn.co/image/ab67616d0000b2738043272f715511e3dd42efdd","1","2","220080","https://p.scdn.co/mp3-preview/ab021bd355bbf603a90c9e7edd31bdc174030ac8?cid=9950ac751e34487dbbe027c4fd7f8e99","false","0","SEAYD7415020","spotify:user:mcastet","2017-07-02T19:12:09Z"
"spotify:track:3U7Fz2f4ii92c7SomkYP7S","Slipping Through My Fingers","spotify:artist:0LcJLqbBmaGUft1e9Mm8HV","ABBA","spotify:album:0lXoZDB0yfxncR0cyrWDmf","The Visitors","spotify:artist:0LcJLqbBmaGUft1e9Mm8HV","ABBA","1981","https://i.scdn.co/image/ab67616d0000b27373ffcfc0a6c49a606af9e1c2","1","8","235682","https://p.scdn.co/mp3-preview/4d7c468ef7ee4ff4951db64d726a507bec47ab14?cid=9950ac751e34487dbbe027c4fd7f8e99","false","0","SEAYD8102080","spotify:user:mcastet","2017-08-05T09:21:57Z"
"spotify:track:7EoZWWFJP3LQNmki6NPOwf","So Long","spotify:artist:0LcJLqbBmaGUft1e9Mm8HV","ABBA","spotify:album:5zT1JLIj9E57p3e1rFm9Uq","Abba","spotify:artist:0LcJLqbBmaGUft1e9Mm8HV","ABBA","1975","https://i.scdn.co/image/ab67616d0000b27379e86d08eb947241b3a9247c","1","11","186333","https://p.scdn.co/mp3-preview/ff0ab92e2933350e20563c3a182dba104533461f?cid=9950ac751e34487dbbe027c4fd7f8e99","false","0","SEAYD7501110","spotify:user:mcastet","2017-07-02T19:12:18Z"
"spotify:track:3Puoopnuj7cQFiDofMQm3E","Soldiers","spotify:artist:0LcJLqbBmaGUft1e9Mm8HV","ABBA","spotify:album:0lXoZDB0yfxncR0cyrWDmf","The Visitors","spotify:artist:0LcJLqbBmaGUft1e9Mm8HV","ABBA","1981","https://i.scdn.co/image/ab67616d0000b27373ffcfc0a6c49a606af9e1c2","1","4","280533","https://p.scdn.co/mp3-preview/ab8f057520793455e344e2a0c01087c49eb774b4?cid=9950ac751e34487dbbe027c4fd7f8e99","false","0","SEAYD8102040","spotify:user:mcastet","2017-07-02T19:12:26Z"
"spotify:track:3vgYvODjYXbXAwUPapppor","Summer Night City","spotify:artist:0LcJLqbBmaGUft1e9Mm8HV","ABBA","spotify:album:366R23DbfxqjZo6AUBrQjv","Voulez-Vous","spotify:artist:0LcJLqbBmaGUft1e9Mm8HV","ABBA","1979","https://i.scdn.co/image/ab67616d0000b2731da6e1da33a17f14599641d5","1","11","218653","https://p.scdn.co/mp3-preview/6bd94433442b39f256e8cc5d9ce43d49508d7167?cid=9950ac751e34487dbbe027c4fd7f8e99","false","0","SEAYD7806010","spotify:user:mcastet","2018-04-20T19:59:08Z"
"spotify:track:18Y7wZOUmZvWakS4VN2YdU","Super Trouper","spotify:artist:0LcJLqbBmaGUft1e9Mm8HV","ABBA","spotify:album:2rp5riHULWgrXPsDtsp1ir","ABBA Gold","spotify:artist:0LcJLqbBmaGUft1e9Mm8HV","ABBA","2008-01-01","https://i.scdn.co/image/ab67616d0000b2733bb42ae6247b62167d71256d","1","6","251786","https://p.scdn.co/mp3-preview/5d7a5617b717cb3baba3b230b62b7a4aaef900ab?cid=9950ac751e34487dbbe027c4fd7f8e99","false","0","SEAYD8001010","spotify:user:mcastet","2017-07-02T19:12:34Z"
"spotify:track:5igVCUsTMkUGAZMIhl3xkf","Suzy-Hang-Around","spotify:artist:0LcJLqbBmaGUft1e9Mm8HV","ABBA","spotify:album:5JGTMU2ovYCxC6nfJbft8W","Waterloo","spotify:artist:0LcJLqbBmaGUft1e9Mm8HV","ABBA","1974","https://i.scdn.co/image/ab67616d0000b2738043272f715511e3dd42efdd","1","11","191893","https://p.scdn.co/mp3-preview/1911f0f03271e63c9a319a2e91b0d2c813963e47?cid=9950ac751e34487dbbe027c4fd7f8e99","false","0","SEAYD7401110","spotify:user:mcastet","2017-07-02T19:12:43Z"
"spotify:track:1jgmL1VK9U7XyKIOfVBbqJ","Take A Chance On Me","spotify:artist:0LcJLqbBmaGUft1e9Mm8HV","ABBA","spotify:album:2rp5riHULWgrXPsDtsp1ir","ABBA Gold","spotify:artist:0LcJLqbBmaGUft1e9Mm8HV","ABBA","2008-01-01","https://i.scdn.co/image/ab67616d0000b2733bb42ae6247b62167d71256d","1","3","246813","https://p.scdn.co/mp3-preview/a4f1d26b231c702d09d1a0301a22021c47ceab0a?cid=9950ac751e34487dbbe027c4fd7f8e99","false","0","SEAYD7702020","spotify:user:mcastet","2017-07-02T19:12:54Z"
"spotify:track:03L25dKHm3tDzVhZ7e8NTj","That's Me","spotify:artist:0LcJLqbBmaGUft1e9Mm8HV","ABBA","spotify:album:3QUUDduYhYg1eOicdQ53wh","The Essential Collection","spotify:artist:0LcJLqbBmaGUft1e9Mm8HV","ABBA","2012-01-01","https://i.scdn.co/image/ab67616d0000b273ded1be35efdfd55bf35df1fa","1","16","197186","https://p.scdn.co/mp3-preview/6a0918e7387f9305278171227df9ed65c43a389c?cid=9950ac751e34487dbbe027c4fd7f8e99","false","0","SEAYD7601070","spotify:user:mcastet","2017-07-02T19:13:12Z"
"spotify:track:5qPybcZeUJi1omIaWJ8En0","Thank You For The Music","spotify:artist:0LcJLqbBmaGUft1e9Mm8HV","ABBA","spotify:album:2rp5riHULWgrXPsDtsp1ir","ABBA Gold","spotify:artist:0LcJLqbBmaGUft1e9Mm8HV","ABBA","2008-01-01","https://i.scdn.co/image/ab67616d0000b2733bb42ae6247b62167d71256d","1","18","228613","https://p.scdn.co/mp3-preview/1e59216e9b6f62bf73e198dbd1550cf36d635ca9?cid=9950ac751e34487dbbe027c4fd7f8e99","false","0","SEAYD7702080","spotify:user:mcastet","2017-07-02T19:14:40Z"
"spotify:track:7dS6NYLUwFr8xI7GCU2ljT","The Day Before You Came","spotify:artist:0LcJLqbBmaGUft1e9Mm8HV","ABBA","spotify:album:3QUUDduYhYg1eOicdQ53wh","The Essential Collection","spotify:artist:0LcJLqbBmaGUft1e9Mm8HV","ABBA","2012-01-01","https://i.scdn.co/image/ab67616d0000b273ded1be35efdfd55bf35df1fa","2","16","349813","https://p.scdn.co/mp3-preview/aee38b7e43d254fc44cb0fc0a673edad5030a0f1?cid=9950ac751e34487dbbe027c4fd7f8e99","false","0","SEAYD8209010","spotify:user:mcastet","2017-07-02T19:14:49Z"
"spotify:track:4qjg9uk0V4fsKRirslmwpu","The King Has Lost His Crown","spotify:artist:0LcJLqbBmaGUft1e9Mm8HV","ABBA","spotify:album:366R23DbfxqjZo6AUBrQjv","Voulez-Vous","spotify:artist:0LcJLqbBmaGUft1e9Mm8HV","ABBA","1979","https://i.scdn.co/image/ab67616d0000b2731da6e1da33a17f14599641d5","1","5","214893","https://p.scdn.co/mp3-preview/a5ff353bfa8419c349328ede0ac1cabc883dd86a?cid=9950ac751e34487dbbe027c4fd7f8e99","false","0","SEAYD7901050","spotify:user:mcastet","2017-07-02T19:14:58Z"
"spotify:track:33Q6ldVXuJyQmqs8BmAa0k","The Name Of The Game","spotify:artist:0LcJLqbBmaGUft1e9Mm8HV","ABBA","spotify:album:2rp5riHULWgrXPsDtsp1ir","ABBA Gold","spotify:artist:0LcJLqbBmaGUft1e9Mm8HV","ABBA","2008-01-01","https://i.scdn.co/image/ab67616d0000b2733bb42ae6247b62167d71256d","1","17","292453","https://p.scdn.co/mp3-preview/6f1051b47f5ce4c08cd81ed61d75fab10d6a3e90?cid=9950ac751e34487dbbe027c4fd7f8e99","false","0","SEAYD7702040","spotify:user:mcastet","2017-07-02T19:15:06Z"
"spotify:track:0ZeL4YyhmnFtKnU0BIktmM","The Piper","spotify:artist:0LcJLqbBmaGUft1e9Mm8HV","ABBA","spotify:album:1nVUhbpkGwlTKxSIF6UJyM","Super Trouper","spotify:artist:0LcJLqbBmaGUft1e9Mm8HV","ABBA","1980","https://i.scdn.co/image/ab67616d0000b273226c848268e693f3812e7e69","1","8","207066","https://p.scdn.co/mp3-preview/50ed55c541edd0ef72cd07a8f6bfd4b041309337?cid=9950ac751e34487dbbe027c4fd7f8e99","false","0","SEAYD8001080","spotify:user:mcastet","2017-07-02T19:15:13Z"
"spotify:track:4a2YfaJ3wzrbOq1b5o8CDq","The Visitors","spotify:artist:0LcJLqbBmaGUft1e9Mm8HV","ABBA","spotify:album:0lXoZDB0yfxncR0cyrWDmf","The Visitors","spotify:artist:0LcJLqbBmaGUft1e9Mm8HV","ABBA","1981","https://i.scdn.co/image/ab67616d0000b27373ffcfc0a6c49a606af9e1c2","1","1","348760","https://p.scdn.co/mp3-preview/ba24a06cedbbbb63402a014803610bec37b304d0?cid=9950ac751e34487dbbe027c4fd7f8e99","false","0","SEAYD8102010","spotify:user:mcastet","2017-07-02T19:15:21Z"
"spotify:track:5TWwqrZlBOZp7t4T8ltCxl","The Way Old Friends Do - Live","spotify:artist:0LcJLqbBmaGUft1e9Mm8HV","ABBA","spotify:album:1fVjOJU7tB7IGm63Mket0i","Live At Wembley Arena","spotify:artist:0LcJLqbBmaGUft1e9Mm8HV","ABBA","2014-01-01","https://i.scdn.co/image/ab67616d0000b273895e29b7fae13e09a877467f","2","11","185213","https://p.scdn.co/mp3-preview/52cc708a8652e700c24f07b553bdd71fac66f531?cid=9950ac751e34487dbbe027c4fd7f8e99","false","0","SEUM71400840","spotify:user:mcastet","2017-07-02T19:15:32Z"
"spotify:track:1g1RLXmuXu7HpMA6gmiYve","The Winner Takes It All","spotify:artist:0LcJLqbBmaGUft1e9Mm8HV","ABBA","spotify:album:2rp5riHULWgrXPsDtsp1ir","ABBA Gold","spotify:artist:0LcJLqbBmaGUft1e9Mm8HV","ABBA","2008-01-01","https://i.scdn.co/image/ab67616d0000b2733bb42ae6247b62167d71256d","1","8","295280","https://p.scdn.co/mp3-preview/a5c0b3c58f991b2b1f492ddb59223bb561a9a787?cid=9950ac751e34487dbbe027c4fd7f8e99","false","0","SEAYD8001020","spotify:user:mcastet","2017-07-02T19:15:41Z"
"spotify:track:0ROi63zAXtmxm0VHEHgyGf","Tiger","spotify:artist:0LcJLqbBmaGUft1e9Mm8HV","ABBA","spotify:album:79ZX48114T8NH36MnOTtl7","Arrival","spotify:artist:0LcJLqbBmaGUft1e9Mm8HV","ABBA","1976-10-11","https://i.scdn.co/image/ab67616d0000b2739aa209383c254c9e23e7f909","1","9","175213","https://p.scdn.co/mp3-preview/bd3b87370612b7096dd016e229148a8d25e4e906?cid=9950ac751e34487dbbe027c4fd7f8e99","false","0","SEAYD7601090","spotify:user:mcastet","2017-07-02T19:15:54Z"
"spotify:track:1AVevxeYs9MW2NMseFziye","Tropical Loveland","spotify:artist:0LcJLqbBmaGUft1e9Mm8HV","ABBA","spotify:album:5zT1JLIj9E57p3e1rFm9Uq","Abba","spotify:artist:0LcJLqbBmaGUft1e9Mm8HV","ABBA","1975","https://i.scdn.co/image/ab67616d0000b27379e86d08eb947241b3a9247c","1","3","186493","https://p.scdn.co/mp3-preview/7ebe27425476e224eaf0dfc87205b719fe38538e?cid=9950ac751e34487dbbe027c4fd7f8e99","false","0","SEAYD7501030","spotify:user:mcastet","2017-07-02T19:16:01Z"
"spotify:track:4C7Om6Ucgg0ReCwzfWMq71","Two For The Price Of One","spotify:artist:0LcJLqbBmaGUft1e9Mm8HV","ABBA","spotify:album:5sz84Oa5PGE0uSMcHTe6TD","The Visitors (Deluxe Edition)","spotify:artist:0LcJLqbBmaGUft1e9Mm8HV","ABBA","1981","https://i.scdn.co/image/ab67616d0000b2735232991c22bfdf5c8ad5d694","1","7","217706","https://p.scdn.co/mp3-preview/cc79ce7fbe12d3e01ccfa56ad5bd1ca49b8fc9e2?cid=9950ac751e34487dbbe027c4fd7f8e99","false","0","SEAYD8102070","spotify:user:mcastet","2017-07-02T19:16:12Z"
"spotify:track:4fQ5YHVAtvY71q2gETPPli","Under Attack","spotify:artist:0LcJLqbBmaGUft1e9Mm8HV","ABBA","spotify:album:0lXoZDB0yfxncR0cyrWDmf","The Visitors","spotify:artist:0LcJLqbBmaGUft1e9Mm8HV","ABBA","1981","https://i.scdn.co/image/ab67616d0000b27373ffcfc0a6c49a606af9e1c2","1","13","231733","https://p.scdn.co/mp3-preview/ce92a423777b438ad3712e6d8fac97e31394e3f2?cid=9950ac751e34487dbbe027c4fd7f8e99","false","0","SEAYD8209020","spotify:user:mcastet","2017-07-02T19:16:23Z"
"spotify:track:4wZOmbYApgoF2zD9IHznDD","Voulez-Vous","spotify:artist:0LcJLqbBmaGUft1e9Mm8HV","ABBA","spotify:album:2rp5riHULWgrXPsDtsp1ir","ABBA Gold","spotify:artist:0LcJLqbBmaGUft1e9Mm8HV","ABBA","2008-01-01","https://i.scdn.co/image/ab67616d0000b2733bb42ae6247b62167d71256d","1","13","306786","https://p.scdn.co/mp3-preview/adb0760cf03e97f3a142a89964afceffa9e323b1?cid=9950ac751e34487dbbe027c4fd7f8e99","false","0","SEAYD7901020","spotify:user:mcastet","2017-07-02T19:16:30Z"
"spotify:track:4NocfOpCK2K9Zw45ETtfso","Watch Out","spotify:artist:0LcJLqbBmaGUft1e9Mm8HV","ABBA","spotify:album:5JGTMU2ovYCxC6nfJbft8W","Waterloo","spotify:artist:0LcJLqbBmaGUft1e9Mm8HV","ABBA","1974","https://i.scdn.co/image/ab67616d0000b2738043272f715511e3dd42efdd","1","8","227693","https://p.scdn.co/mp3-preview/3d2eb76ead55813ee4bb36b4d9cdc2a210cf3fa8?cid=9950ac751e34487dbbe027c4fd7f8e99","false","0","SEAYD7401090","spotify:user:mcastet","2017-07-02T19:16:42Z"
"spotify:track:7HI44W4E02t3DefnrBCTvX","Waterloo","spotify:artist:0LcJLqbBmaGUft1e9Mm8HV","ABBA","spotify:album:00GMnZ71KyvmEnZfqcsFP4","Abba Gold Anniversary Edition","spotify:artist:0LcJLqbBmaGUft1e9Mm8HV","ABBA","2014-01-01","https://i.scdn.co/image/ab67616d0000b2735893ae3de02b83786469af35","1","19","165800","https://p.scdn.co/mp3-preview/cc0fe97970b155b8764ec3ba30f4e20a2c779a53?cid=9950ac751e34487dbbe027c4fd7f8e99","false","40","SEAYD7415010","spotify:user:mcastet","2017-07-02T19:16:47Z"
"spotify:track:5H0vzEbSDQQznbgGxPwVAA","What About Livingstone","spotify:artist:0LcJLqbBmaGUft1e9Mm8HV","ABBA","spotify:album:5JGTMU2ovYCxC6nfJbft8W","Waterloo","spotify:artist:0LcJLqbBmaGUft1e9Mm8HV","ABBA","1974","https://i.scdn.co/image/ab67616d0000b2738043272f715511e3dd42efdd","1","9","176440","https://p.scdn.co/mp3-preview/99d4102fdc8effc33ec2a45e891b2b6d6822f178?cid=9950ac751e34487dbbe027c4fd7f8e99","false","0","SEAYD7401080","spotify:user:mcastet","2017-07-02T19:17:00Z"
"spotify:track:2cqE4FVKPQ2S82mveeuPh2","When All Is Said And Done","spotify:artist:0LcJLqbBmaGUft1e9Mm8HV","ABBA","spotify:album:0lXoZDB0yfxncR0cyrWDmf","The Visitors","spotify:artist:0LcJLqbBmaGUft1e9Mm8HV","ABBA","1981","https://i.scdn.co/image/ab67616d0000b27373ffcfc0a6c49a606af9e1c2","1","3","198066","https://p.scdn.co/mp3-preview/75a763987edd2ce3ba29cd8103ece4b121668211?cid=9950ac751e34487dbbe027c4fd7f8e99","false","0","SEAYD8102030","spotify:user:mcastet","2017-07-02T19:17:06Z"
"spotify:track:4HPRGZtc9R7tVwCVNHas38","When I Kissed The Teacher","spotify:artist:0LcJLqbBmaGUft1e9Mm8HV","ABBA","spotify:album:79ZX48114T8NH36MnOTtl7","Arrival","spotify:artist:0LcJLqbBmaGUft1e9Mm8HV","ABBA","1976-10-11","https://i.scdn.co/image/ab67616d0000b2739aa209383c254c9e23e7f909","1","1","181133","https://p.scdn.co/mp3-preview/ba890e11b7b8733c1c3bd87a09fb11a24f19a406?cid=9950ac751e34487dbbe027c4fd7f8e99","false","0","SEAYD7601010","spotify:user:mcastet","2017-07-02T19:17:12Z"
"spotify:track:46OKHucGhjhskazqD8tKnH","When You Danced With Me","spotify:artist:0LcJLqbBmaGUft1e9Mm8HV","ABBA","spotify:album:0uUtGVj0y9FjfKful7cABY","Voyage","spotify:artist:0LcJLqbBmaGUft1e9Mm8HV","ABBA","2021-11-05","https://i.scdn.co/image/ab67616d0000b273225d9c1b06ca69aec9b08381","1","2","170333","https://p.scdn.co/mp3-preview/448352f3b9fc848eb7099806d4375407aab9007d?cid=9950ac751e34487dbbe027c4fd7f8e99","false","47","SE6XG2100102","spotify:user:mcastet","2021-11-04T23:03:18Z"
"spotify:track:6bTXZtNjSwYdyLdOPbRvcJ","Why Did It Have To Be Me?","spotify:artist:0LcJLqbBmaGUft1e9Mm8HV","ABBA","spotify:album:79ZX48114T8NH36MnOTtl7","Arrival","spotify:artist:0LcJLqbBmaGUft1e9Mm8HV","ABBA","1976-10-11","https://i.scdn.co/image/ab67616d0000b2739aa209383c254c9e23e7f909","1","8","200746","https://p.scdn.co/mp3-preview/528457badd7d8730fefa540c4dcd0dac92bf2da8?cid=9950ac751e34487dbbe027c4fd7f8e99","false","0","SEAYD7601080","spotify:user:mcastet","2017-07-02T19:17:20Z"
"spotify:track:1HmwvKA2TLUh5QlY7QGLzt","You Owe Me One","spotify:artist:0LcJLqbBmaGUft1e9Mm8HV","ABBA","spotify:album:5GByGaws7Cw0t28kjvAOzV","The Visitors (Deluxe Edition)","spotify:artist:0LcJLqbBmaGUft1e9Mm8HV","ABBA","1981","https://i.scdn.co/image/ab67616d0000b27342678f54dfd1d5afb3eea19a","1","12","210413","https://p.scdn.co/mp3-preview/16f127ed85ef49c435f8dc781755a49d314ce740?cid=9950ac751e34487dbbe027c4fd7f8e99","false","28","SEAYD8209030","spotify:user:mcastet","2018-08-25T11:38:01Z"
